Date,BTC / USD,Daily On-Chain Transaction Volume in Profit,Daily On-Chain Transaction Volume in Loss,Social Volume (get in),Social Volume (to the moon),Social Volume (i missed it)
2023-03-19T00:00:00.000Z,28032.02225,160474.4906,93384.53898,17845,36973,25376
2023-03-20T00:00:00.000Z,27750.55939,252655.5589,148886.123,18971,40205,27113
2023-03-21T00:00:00.000Z,28173.48712,177513.1733,125918.4069,18058,38834,25974
2023-03-22T00:00:00.000Z,27313.93797,203290.6631,141553.5355,21153,45677,30124
2023-03-23T00:00:00.000Z,28333.97271,204156.0752,139643.0259,18975,42140,28557
2023-03-24T00:00:00.000Z,27493.28514,181935.5749,187461.5537,20133,42376,27853
2023-03-25T00:00:00.000Z,27494.70688,96805.77168,114698.5333,15346,32827,22693
2023-03-26T00:00:00.000Z,27994.32951,103702.981,68641.18745,15025,32086,21992
2023-03-27T00:00:00.000Z,27139.88853,115636.9331,143782.2276,17169,36600,24108
2023-03-28T00:00:00.000Z,27268.13148,132846.9267,152946.7448,16826,36515,23899
2023-03-29T00:00:00.000Z,28348.44234,195653.0207,86533.34217,18479,39353,25485
2023-03-30T00:00:00.000Z,28033.56315,221609.5813,154998.1173,17279,37220,24880
2023-03-31T00:00:00.000Z,28478.48461,195398.5294,130301.0076,16956,36340,24102
2023-04-01T00:00:00.000Z,28462.94389,116091.343,84345.98314,13755,29273,20169
2023-04-02T00:00:00.000Z,28199.30838,74054.68494,86825.29095,14467,30884,21350
2023-04-03T00:00:00.000Z,27790.22085,111434.3762,145088.9512,16757,36179,24286
2023-04-04T00:00:00.000Z,28168.08982,177021.1448,129450.5797,18568,37899,24609
2023-04-05T00:00:00.000Z,28177.98356,202641.327,160671.9753,16997,35714,24219
2023-04-06T00:00:00.000Z,28044.13975,127064.7074,165821.6291,16479,34475,23058
2023-04-07T00:00:00.000Z,27925.85941,77503.29866,113087.7751,15700,32322,21421
2023-04-08T00:00:00.000Z,27947.79455,77001.55228,76515.71754,13327,27042,18104
2023-04-09T00:00:00.000Z,28333.05005,73654.41593,65874.60437,13187,27160,18408
2023-04-10T00:00:00.000Z,29645.18719,186325.1595,74151.34133,15271,31812,21127
2023-04-11T00:00:00.000Z,30241.60458,272524.6693,91690.28205,15872,34436,23173
2023-04-12T00:00:00.000Z,29889.45346,212432.4062,208518.8033,15598,33069,22087
2023-04-13T00:00:00.000Z,30399.06639,189845.6756,86272.45339,15371,33022,22431
2023-04-14T00:00:00.000Z,30497.83117,235550.8285,100879.7502,15828,34138,23128
2023-04-15T00:00:00.000Z,30323.90147,97180.43869,109384.3066,13726,29110,19623
2023-04-16T00:00:00.000Z,30313.55978,83314.5678,77744.07696,13008,27281,18612
2023-04-17T00:00:00.000Z,29433.48487,115839.1628,197715.9075,14640,30798,20228
2023-04-18T00:00:00.000Z,30392.63205,162394.1467,86311.45454,15317,33014,21787
2023-04-19T00:00:00.000Z,28809.41401,97232.32531,149567.9914,16023,33593,21976
2023-04-20T00:00:00.000Z,28245.98731,91671.09001,194801.6121,15926,32100,21161
2023-04-21T00:00:00.000Z,27276.90969,91057.1898,232341.4335,14176,30011,20154
2023-04-22T00:00:00.000Z,27818.73329,87122.99029,93212.19108,12493,25952,17609
2023-04-23T00:00:00.000Z,27591.38463,76097.07158,84906.58044,13409,27131,18670
2023-04-24T00:00:00.000Z,27525.3395,92818.5863,125800.1816,15408,31793,21736
2023-04-25T00:00:00.000Z,28307.59809,116120.4393,115626.7731,17445,35084,22543
2023-04-26T00:00:00.000Z,28422.70088,166874.8828,84839.97106,15663,33837,21980
2023-04-27T00:00:00.000Z,29473.78618,137728.4674,77887.50949,14877,30860,20752
2023-04-28T00:00:00.000Z,29340.2625,114364.4603,88659.37863,16828,33319,20909
2023-04-29T00:00:00.000Z,29248.48837,82012.51406,76285.08555,11744,24372,16203
2023-04-30T00:00:00.000Z,29268.80704,80598.8825,61529.52158,12702,25929,17384
2023-05-01T00:00:00.000Z,28091.5688,84138.06464,141043.7987,14693,30523,20584
2023-05-02T00:00:00.000Z,28680.53697,115065.3079,96915.73702,15552,32451,21541
2023-05-03T00:00:00.000Z,29006.30767,99523.31832,126848.7187,14940,31682,20908
2023-05-04T00:00:00.000Z,28847.71159,140461.4334,121678.4495,14314,29827,19302
2023-05-05T00:00:00.000Z,29534.38402,150492.5165,82612.62407,17041,34197,21266
2023-05-06T00:00:00.000Z,28904.62395,64433.57787,100603.0529,12093,24953,17112
2023-05-07T00:00:00.000Z,28454.97829,229177.6333,71681.86627,12492,26108,17533
2023-05-08T00:00:00.000Z,27694.2729,73693.10997,148939.1631,14720,32397,20427
2023-05-09T00:00:00.000Z,27658.77467,88464.46971,134974.5815,14029,29525,19570
2023-05-10T00:00:00.000Z,27621.75623,108624.8844,153461.0618,14645,30643,19993
2023-05-11T00:00:00.000Z,27000.78827,83212.45506,166691.539,14256,29985,19692
2023-05-12T00:00:00.000Z,26804.99067,97104.34191,174977.7316,13648,28331,18120
2023-05-13T00:00:00.000Z,26784.07856,65733.79034,55028.30326,11283,23106,15855
2023-05-14T00:00:00.000Z,26930.63785,61158.05255,67382.61834,10820,22114,15054
2023-05-15T00:00:00.000Z,27192.69322,144256.4883,123924.007,13166,26755,17437
2023-05-16T00:00:00.000Z,27036.65071,102808.8225,138486.5913,18069,35385,22193
2023-05-17T00:00:00.000Z,27402.13327,112984.9429,111195.5541,14035,29954,19501
2023-05-18T00:00:00.000Z,26832.2093,85703.50387,117432.0011,14742,31596,20768
2023-05-19T00:00:00.000Z,26890.12824,94961.77268,117245.725,15245,31724,20849
2023-05-20T00:00:00.000Z,27129.58626,61154.56066,49918.27735,12771,26037,17681
2023-05-21T00:00:00.000Z,26753.82564,47414.96591,60091.65368,13399,27873,18534
2023-05-22T00:00:00.000Z,26851.27763,101464.6223,96296.26598,17435,34993,21618
2023-05-23T00:00:00.000Z,27225.72659,151473.2129,102834.1483,15838,32529,20779
2023-05-24T00:00:00.000Z,26334.81821,61432.85152,153578.3993,14983,31249,20529
2023-05-25T00:00:00.000Z,26476.20753,135317.3113,119870.7108,14329,29801,19510
2023-05-26T00:00:00.000Z,26719.29098,123665.9248,100843.8297,13175,26804,17246
2023-05-27T00:00:00.000Z,26868.35382,82798.05038,62056.72683,12600,23990,15681
2023-05-28T00:00:00.000Z,28085.64736,107054.9375,43683.27713,11267,22786,15324
2023-05-29T00:00:00.000Z,27745.88444,124728.9479,106246.8623,13051,26238,17113
2023-05-30T00:00:00.000Z,27702.34877,153759.4854,101668.9607,12980,26198,17002
2023-05-31T00:00:00.000Z,27219.65861,132535.2934,151318.9537,15570,31379,20290
2023-06-01T00:00:00.000Z,26819.97322,124176.6141,151595.3314,13458,27534,17640
2023-06-02T00:00:00.000Z,27249.58895,147587.9076,131062.9226,14040,28233,17782
2023-06-03T00:00:00.000Z,27075.1294,87081.36778,111360.7534,11230,22120,15072
2023-06-04T00:00:00.000Z,27119.06719,105469.8234,75603.28653,10993,21718,15146
2023-06-05T00:00:00.000Z,25760.097,107148.6959,233087.4246,14103,29244,17617
2023-06-06T00:00:00.000Z,27238.78373,178612.6236,129562.0786,15127,32456,19427
2023-06-07T00:00:00.000Z,26345.99885,103003.5971,180032.0939,14680,31146,19114
2023-06-08T00:00:00.000Z,26508.2159,115809.4436,136144.9708,13827,28656,17828
2023-06-09T00:00:00.000Z,26480.37509,104097.6631,116134.0341,13143,27730,17681
2023-06-10T00:00:00.000Z,25851.241,84630.13902,134516.7699,13828,29447,19776
2023-06-11T00:00:00.000Z,25940.16808,124575.6426,138158.1243,11550,23505,15633
2023-06-12T00:00:00.000Z,25902.49987,165333.9912,182917.3735,9631,19248,12043
2023-06-13T00:00:00.000Z,25918.7284,140157.434,158847.8101,9053,18692,11633
2023-06-14T00:00:00.000Z,25124.67668,140059.6547,145095.6015,10972,23553,14919
2023-06-15T00:00:00.000Z,25576.39401,137086.6419,224230.4193,8618,17083,10214
2023-06-16T00:00:00.000Z,26327.46239,185494.9364,152402.165,10833,22127,13998
2023-06-17T00:00:00.000Z,26510.67645,128544.1497,103489.0694,9454,19264,12981
2023-06-18T00:00:00.000Z,26336.213,114420.3257,91251.11976,9142,18701,12725
2023-06-19T00:00:00.000Z,26851.02855,136741.0885,204153.1079,10797,22015,13810
2023-06-20T00:00:00.000Z,28327.48826,217019.3334,89965.66363,12365,25330,15546
2023-06-21T00:00:00.000Z,30027.29645,285043.8523,117625.478,12973,27239,16923
2023-06-22T00:00:00.000Z,29912.28171,188707.1963,130028.5172,12974,26454,16588
2023-06-23T00:00:00.000Z,30695.46941,204173.3149,111047.4857,12102,24823,15859
2023-06-24T00:00:00.000Z,30558.25613,125565.5535,92128.64218,9599,19272,12897
2023-06-25T00:00:00.000Z,30480.26161,91586.1886,105281.5598,9698,19442,12985
2023-06-26T00:00:00.000Z,30271.13102,150824.6168,120739.7236,10473,21094,13173
2023-06-27T00:00:00.000Z,30688.16385,176844.9984,95790.32386,11328,22899,14207
2023-06-28T00:00:00.000Z,30086.24619,121630.2588,125770.4863,11448,23433,14624
2023-06-29T00:00:00.000Z,30445.35123,214863.1592,123452.7694,10989,22165,14064
2023-06-30T00:00:00.000Z,30477.25128,237514.1611,150586.0177,11260,22731,14901
2023-07-01T00:00:00.000Z,30590.07907,144992.7895,115492.0269,8051,15666,11416
2023-07-02T00:00:00.000Z,30620.77026,98451.59688,72978.01617,7665,15037,10660
2023-07-03T00:00:00.000Z,31156.43949,177589.2682,67946.86603,9160,17272,12125
2023-07-04T00:00:00.000Z,30777.58151,117791.333,99375.71369,8803,17043,12163
2023-07-05T00:00:00.000Z,30514.16639,112369.9054,128273.2042,9592,18286,12479
2023-07-06T00:00:00.000Z,29995.7893,170222.9034,162181.5106,10723,20880,13702
2023-07-07T00:00:00.000Z,30347.06446,131091.4756,135086.8731,10218,19643,12907
2023-07-08T00:00:00.000Z,30270.65536,76484.68391,90094.0535,9192,17518,11737
2023-07-09T00:00:00.000Z,30171.23357,72708.50898,80989.21194,6728,13922,8937
2023-07-10T00:00:00.000Z,30414.47152,139288.3133,116535.4832,8462,17530,10501
2023-07-11T00:00:00.000Z,30621.84862,153602.1634,93542.22489,9666,19829,11693
2023-07-12T00:00:00.000Z,30395.6933,157562.5723,132825.2035,11602,22479,13697
2023-07-13T00:00:00.000Z,31496.54806,225585.1815,105814.3652,14747,30078,17738
2023-07-14T00:00:00.000Z,30330.07476,134100.5895,143621.9589,14239,28565,17070
2023-07-15T00:00:00.000Z,30295.80748,71201.70973,84862.16609,10493,20354,13061
2023-07-16T00:00:00.000Z,30250.33729,71897.7946,71194.13209,10771,21517,13578
2023-07-17T00:00:00.000Z,30146.40553,90241.27945,141897.1521,13576,28650,17068
2023-07-18T00:00:00.000Z,29857.21562,101374.8763,169683.6162,15477,33902,21890
2023-07-19T00:00:00.000Z,29919.25321,120472.4726,142607.1189,18397,39511,25723
2023-07-20T00:00:00.000Z,29797.05244,112563.0788,107022.8571,15363,32516,21569
2023-07-21T00:00:00.000Z,29911.43707,121624.4266,100452.9999,13982,28973,19452
2023-07-22T00:00:00.000Z,29777.85412,48699.50517,67172.59306,12162,25538,17703
2023-07-23T00:00:00.000Z,30075.73747,81432.61133,54620.4653,11351,23585,16371
2023-07-24T00:00:00.000Z,29177.53921,79034.35124,153555.812,12429,26964,17634
2023-07-25T00:00:00.000Z,29227.61324,99079.35822,114592.5866,12598,26129,17084
2023-07-26T00:00:00.000Z,29354.97288,107654.308,105910.0601,12892,26348,17261
2023-07-27T00:00:00.000Z,29213.80972,106639.9304,159255.6173,13214,26892,17236
2023-07-28T00:00:00.000Z,29319.2454,123351.2764,221636.131,13335,26906,16831
2023-07-29T00:00:00.000Z,29356.91024,66450.85533,65514.05454,11068,22196,14641
2023-07-30T00:00:00.000Z,29276.74383,54538.77516,74879.00481,10711,21705,14430
2023-07-31T00:00:00.000Z,29232.39311,92887.49239,125697.8686,12855,26270,16243
2023-08-01T00:00:00.000Z,29666.18375,104188.5422,149407.0107,12536,25303,16044
2023-08-02T00:00:00.000Z,29156.06818,99135.77759,155589.5071,12695,26060,16908
2023-08-03T00:00:00.000Z,29177.84027,95343.74065,99904.49873,12163,25198,16195
2023-08-04T00:00:00.000Z,29073.50175,77403.86774,93972.04854,11847,23931,15523
2023-08-05T00:00:00.000Z,29045.1297,60880.51943,84053.32837,10244,20285,12822
2023-08-06T00:00:00.000Z,29042.58588,57138.36092,65555.86365,10184,20065,12910
2023-08-07T00:00:00.000Z,29183.9748,92037.9472,127862.5477,13053,27333,16990
2023-08-08T00:00:00.000Z,29765.69251,164991.7417,70226.3704,13461,28971,17736
2023-08-09T00:00:00.000Z,29573.00763,116057.9444,99087.52869,14699,31642,19377
2023-08-10T00:00:00.000Z,29426.95204,99161.39838,130033.7332,16072,33516,21310
2023-08-11T00:00:00.000Z,29400.11414,114146.4949,108578.1557,15490,32323,20303
2023-08-12T00:00:00.000Z,29415.96211,91350.1239,62503.00419,12687,26218,17215
2023-08-13T00:00:00.000Z,29282.91438,47478.6703,69295.48647,12807,26371,17070
2023-08-14T00:00:00.000Z,29413.6712,111191.3287,121819.8649,15832,32463,19684
2023-08-15T00:00:00.000Z,29169.56784,88574.3766,124207.8545,15785,32613,20333
2023-08-16T00:00:00.000Z,28704.38369,67848.49384,153243.857,16467,34150,22067
2023-08-17T00:00:00.000Z,26635.47571,78494.51143,253230.9675,17831,37259,24037
2023-08-18T00:00:00.000Z,26045.61309,77509.07145,228197.1573,16054,33908,21710
2023-08-19T00:00:00.000Z,26085.6448,57177.68634,86310.44874,13733,28076,18242
2023-08-20T00:00:00.000Z,26189.77066,64185.47267,57666.16837,14374,29010,19039
2023-08-21T00:00:00.000Z,26124.14125,86179.95442,137498.1482,16297,34171,21838
2023-08-22T00:00:00.000Z,26032.54924,81671.20314,175394.563,17908,36855,22524
2023-08-23T00:00:00.000Z,26428.47957,146328.1726,138344.3366,17248,35831,21770
2023-08-24T00:00:00.000Z,26146.81695,87276.39096,119498.7236,16779,34323,20902
2023-08-25T00:00:00.000Z,26048.93293,98930.26872,140215.9168,16561,33719,20452
2023-08-26T00:00:00.000Z,26009.34852,57998.25032,67988.13562,13560,27068,16906
2023-08-27T00:00:00.000Z,26089.69347,59617.52023,48252.71414,13181,26741,17250
2023-08-28T00:00:00.000Z,26108.96873,88768.90182,112235.3485,15629,31776,19968
2023-08-29T00:00:00.000Z,27727.39301,154400.218,162655.5736,17473,36534,22252
2023-08-30T00:00:00.000Z,27298.95273,139648.3587,123456.8417,18282,38298,23829
2023-08-31T00:00:00.000Z,25931.03541,78144.69039,170392.8694,20391,42279,25916
2023-09-01T00:00:00.000Z,25798.7222,94071.72202,178029.8568,18612,38218,23194
2023-09-02T00:00:00.000Z,25865.92786,62666.8174,68217.47372,14816,29847,19567
2023-09-03T00:00:00.000Z,25969.56735,61230.77225,53318.86329,14222,28765,18952
2023-09-04T00:00:00.000Z,25812.41527,57612.7257,91456.27529,16289,33829,20991
2023-09-05T00:00:00.000Z,25782.53771,62690.2925,118900.1252,17913,37694,23081
2023-09-06T00:00:00.000Z,25753.57283,65265.66829,134747.4686,18832,39473,24003
2023-09-07T00:00:00.000Z,26239.8741,93982.71561,98464.09817,19895,40993,24548
2023-09-08T00:00:00.000Z,25904.86377,83834.28197,96736.49498,17710,36304,22720
2023-09-09T00:00:00.000Z,25895.06915,58310.11636,68783.28994,15004,30371,19977
2023-09-10T00:00:00.000Z,25832.28477,36436.8804,73288.78505,14494,29980,19393
2023-09-11T00:00:00.000Z,25164.20445,68153.31972,145176.3476,17552,36670,22990
2023-09-12T00:00:00.000Z,25825.83466,136209.1444,90429.77772,17253,36803,22973
2023-09-13T00:00:00.000Z,26229.13077,108928.184,76123.03463,17105,35789,22520
2023-09-14T00:00:00.000Z,26538.59509,146565.2994,62611.09219,16739,35125,22336
2023-09-15T00:00:00.000Z,26622.70731,123855.0565,99790.25266,17135,35484,22923
2023-09-16T00:00:00.000Z,26567.92748,66064.21531,61983.03393,14661,29259,19406
2023-09-17T00:00:00.000Z,26534.18752,50703.48515,59071.51728,14559,29135,19185
2023-09-18T00:00:00.000Z,26754.51417,124323.1587,64963.08253,16042,33199,21234
2023-09-19T00:00:00.000Z,27215.64886,131962.8468,61869.90529,17060,34513,21704
2023-09-20T00:00:00.000Z,27131.55502,87965.70897,92410.84747,17799,35868,22783
2023-09-21T00:00:00.000Z,26567.22734,87255.71744,123626.8183,17481,35687,23041
2023-09-22T00:00:00.000Z,26576.16228,79574.74836,94102.2731,18823,37154,23057
2023-09-23T00:00:00.000Z,26580.6789,57169.85842,78341.92189,14517,29984,19418
2023-09-24T00:00:00.000Z,26262.21131,52737.55208,76253.92246,15658,29740,18713
2023-09-25T00:00:00.000Z,26298.49529,109982.6866,141436.2966,16088,33465,21053
2023-09-26T00:00:00.000Z,26213.63994,89845.19987,131098.8101,16881,36861,21661
2023-09-27T00:00:00.000Z,26351.70591,104477.5245,113362.9043,16513,34459,21248
2023-09-28T00:00:00.000Z,27020.0377,173762.5152,77387.23878,16935,35055,22218
2023-09-29T00:00:00.000Z,26911.7216,123003.8814,112013.138,16401,33350,21089
2023-09-30T00:00:00.000Z,26972.20828,123314.6832,62048.91365,14287,29214,19671
2023-10-01T00:00:00.000Z,27983.21949,95082.33806,46301.44927,14245,28983,19871
2023-10-02T00:00:00.000Z,27547.10252,192672.4997,114066.9468,16838,35082,22489
2023-10-03T00:00:00.000Z,27428.47771,104168.3865,117821.3503,17058,34399,21996
2023-10-04T00:00:00.000Z,27792.67277,176966.8956,84065.20743,19267,37894,23442
2023-10-05T00:00:00.000Z,27414.06308,104264.3133,109564.9828,17572,35695,22728
2023-10-06T00:00:00.000Z,27955.71199,154239.7104,73710.03049,17266,35278,22580
2023-10-07T00:00:00.000Z,27968.83887,107844.2552,77714.8412,14135,28014,18234
2023-10-08T00:00:00.000Z,27939.32976,65256.23921,57488.9535,14267,28075,18318
2023-10-09T00:00:00.000Z,27584.49687,77715.04933,106161.3285,15990,32047,20336
2023-10-10T00:00:00.000Z,27391.70058,110499.1963,143880.5442,16385,33283,20808
2023-10-11T00:00:00.000Z,26873.32112,96772.75169,183754.8434,16373,33386,21087
2023-10-12T00:00:00.000Z,26755.20009,90237.542,131053.5718,15888,33213,20844
2023-10-13T00:00:00.000Z,26860.71044,101094.4772,94395.07962,14992,30750,19717
2023-10-14T00:00:00.000Z,26861.7062,78995.84425,58017.45753,13011,25894,16956
2023-10-15T00:00:00.000Z,27155.95739,78692.07417,47404.66075,13145,26311,17208
2023-10-16T00:00:00.000Z,28519.92427,204326.3927,88078.23955,16222,34099,21011
2023-10-17T00:00:00.000Z,28418.55109,183564.1443,107327.9186,16823,35710,22603
2023-10-18T00:00:00.000Z,28329.39699,163131.9114,120841.6972,15791,32908,20752
2023-10-19T00:00:00.000Z,28718.22154,167192.1761,70498.00533,14165,29096,18270
2023-10-20T00:00:00.000Z,29682.94927,224450.611,103262.0959,15586,30557,18789
2023-10-21T00:00:00.000Z,29916.62611,89917.34262,55021.92281,11530,22674,15186
2023-10-22T00:00:00.000Z,29986.64027,78619.78771,57587.20277,11380,22226,15030
2023-10-23T00:00:00.000Z,33053.35448,267907.351,75228.72144,14671,29254,18892
2023-10-24T00:00:00.000Z,33883.78781,292688.1303,148333.6552,14758,30666,19293
2023-10-25T00:00:00.000Z,34493.9761,218519.878,89706.13387,11913,25888,15484
2023-10-26T00:00:00.000Z,34156.64983,174932.3808,133994.6188,11880,25065,14594
2023-10-27T00:00:00.000Z,33909.79928,147573.352,154497.1587,10769,22703,13983
2023-10-28T00:00:00.000Z,34089.57587,118623.557,61163.03051,8248,17504,11042
2023-10-29T00:00:00.000Z,34538.48209,94226.44106,49226.54511,7754,16496,10298
2023-10-30T00:00:00.000Z,34502.36466,176713.89,97109.33828,10285,21505,13021
2023-10-31T00:00:00.000Z,34667.77936,140313.9364,92686.19374,10612,22472,13268
2023-11-01T00:00:00.000Z,35437.25318,204411.7761,82444.26888,11233,23661,14625
2023-11-02T00:00:00.000Z,34938.2424,169944.5152,102435.596,13961,27798,17229
2023-11-03T00:00:00.000Z,34732.32558,156771.4176,129681.2908,11266,22844,14182
2023-11-04T00:00:00.000Z,35082.19722,86571.92016,46915.49907,9162,18640,12189
2023-11-05T00:00:00.000Z,35049.35592,80816.48267,51433.28526,9266,19219,12514
2023-11-06T00:00:00.000Z,35037.36944,129381.2684,74992.79687,12989,26339,15448
2023-11-07T00:00:00.000Z,35443.56136,152553.6254,87602.48632,10885,23513,13549
2023-11-08T00:00:00.000Z,35655.27608,200103.6334,74517.64742,13354,26677,17774
2023-11-09T00:00:00.000Z,36693.12363,280413.409,74539.45584,15908,31748,20826
2023-11-10T00:00:00.000Z,37313.96969,200343.5927,89672.76192,14825,29564,18780
2023-11-11T00:00:00.000Z,37138.05054,98809.75645,71797.02597,12773,25019,16334
2023-11-12T00:00:00.000Z,37054.52014,81198.33734,49719.52084,9605,20227,12668
2023-11-13T00:00:00.000Z,36502.35734,114492.954,102410.6446,11019,23467,14267
2023-11-14T00:00:00.000Z,35537.64052,132307.3626,146580.82,14034,28647,17539
2023-11-15T00:00:00.000Z,37880.58317,177407.279,65567.16015,15066,30006,19206
2023-11-16T00:00:00.000Z,36154.76924,124179.1508,125372.159,17263,33324,20205
2023-11-17T00:00:00.000Z,36596.68192,150642.0419,108344.0994,14880,28477,17592
2023-11-18T00:00:00.000Z,36585.70293,85092.12049,63567.96277,11904,22040,14668
2023-11-19T00:00:00.000Z,37386.54777,101468.052,58623.13002,11510,21621,14477
2023-11-20T00:00:00.000Z,37476.95586,179058.6908,100876.1172,13904,27524,17189
2023-11-21T00:00:00.000Z,35813.81136,172644.2271,151471.1132,18895,36153,19992
2023-11-22T00:00:00.000Z,37432.33831,207670.7608,135397.3723,15650,30986,18773
2023-11-23T00:00:00.000Z,37289.62066,132873.8113,111267.9774,14233,27685,17466
2023-11-24T00:00:00.000Z,37720.28115,209829.917,97893.90172,14648,28005,17973
2023-11-25T00:00:00.000Z,37796.79234,129639.9996,65601.41066,12342,24672,16201
2023-11-26T00:00:00.000Z,37479.12229,82190.63264,86096.18097,12721,24552,16154
2023-11-27T00:00:00.000Z,37254.16885,138678.9959,171683.1819,12965,25466,16218
2023-11-28T00:00:00.000Z,37831.08687,187595.5248,110517.8664,12681,25160,16540
2023-11-29T00:00:00.000Z,37858.49405,174193.6626,113550.9628,14314,28037,17658
2023-11-30T00:00:00.000Z,37712.74777,169301.6564,131018.5181,13646,26147,16354
2023-12-01T00:00:00.000Z,38688.74836,227559.7407,99727.64215,16144,30532,18246
2023-12-02T00:00:00.000Z,39476.33328,126775.1898,62642.86718,12095,23197,15162
2023-12-03T00:00:00.000Z,39978.39182,135785.44,59637.52119,12405,24441,16504
2023-12-04T00:00:00.000Z,41980.09948,268074.032,86319.20041,15470,31545,20675
2023-12-05T00:00:00.000Z,44080.64795,287764.1769,83163.58012,14730,30008,19968
2023-12-06T00:00:00.000Z,43746.44536,239633.4061,145000.4709,16571,33878,22204
2023-12-07T00:00:00.000Z,43292.66424,176836.4735,140156.1104,15581,30926,20603
2023-12-08T00:00:00.000Z,44166.60064,183919.419,112441.5347,15482,30239,20125
2023-12-09T00:00:00.000Z,43725.98581,119599.982,87381.73714,13068,25380,17928
2023-12-10T00:00:00.000Z,43779.69729,87992.25998,78894.49183,19521,40517,25005
2023-12-11T00:00:00.000Z,41243.83331,150812.1551,237800.2623,17158,35351,24328
2023-12-12T00:00:00.000Z,41450.22219,173200.8691,175720.2122,19666,39403,27012
2023-12-13T00:00:00.000Z,42890.74073,158202.5776,102044.7429,19305,38415,25657
2023-12-14T00:00:00.000Z,43023.97197,159293.6483,102055.0788,22964,46424,29992
2023-12-15T00:00:00.000Z,41929.75839,136980.4885,156648.4565,20353,41764,28348
2023-12-16T00:00:00.000Z,42240.11908,105325.4633,76234.92341,17289,34310,23711
2023-12-17T00:00:00.000Z,41364.66592,65797.75466,103719.0447,15633,31715,22682
2023-12-18T00:00:00.000Z,42623.53833,151685.1909,127907.9758,17121,36823,25759
2023-12-19T00:00:00.000Z,42270.52614,165666.2343,119054.9716,17450,36791,25518
2023-12-20T00:00:00.000Z,43652.24867,213129.0346,101071.7819,18594,37814,25511
2023-12-21T00:00:00.000Z,43869.15086,169144.6604,98169.85509,18211,37261,25619
2023-12-22T00:00:00.000Z,43997.90141,202948.9504,116728.8811,18210,36485,23877
2023-12-23T00:00:00.000Z,43739.54214,88321.91039,73407.04036,14737,29849,20731
2023-12-24T00:00:00.000Z,43016.11762,91094.40491,89857.4348,14800,29411,20477
2023-12-25T00:00:00.000Z,43613.14208,83480.37961,88475.90176,14322,27633,18026
2023-12-26T00:00:00.000Z,42520.40151,139487.1333,155640.2437,15113,29963,20169
2023-12-27T00:00:00.000Z,43442.85456,221887.3359,130873.66,16474,32826,22558
2023-12-28T00:00:00.000Z,42630.52098,135913.3911,145575.0917,16813,33870,23265
2023-12-29T00:00:00.000Z,42099.40281,169796.9955,170297.4766,16689,33253,22309
2023-12-30T00:00:00.000Z,42203.07462,102521.5887,116673.9392,15273,29976,20645
2023-12-31T00:00:00.000Z,42265.18565,127779.8075,123893.9282,14013,27202,18664
2024-01-01T00:00:00.000Z,44167.33021,133882.831,54053.55148,12821,25823,17121
2024-01-02T00:00:00.000Z,44951.13801,211297.2578,109286.363,17306,36543,24448
2024-01-03T00:00:00.000Z,42848.17564,164331.6961,147811.1504,18762,39345,25905
2024-01-04T00:00:00.000Z,44200.71587,240526.7285,92911.30305,17283,35594,23982
2024-01-05T00:00:00.000Z,44160.76098,182525.8754,112150.7629,18288,37048,25288
2024-01-06T00:00:00.000Z,43975.11897,140177.8858,105207.2615,14966,31017,21755
2024-01-07T00:00:00.000Z,43943.09723,141261.6296,66062.92526,14440,29775,20685
2024-01-08T00:00:00.000Z,46962.42678,200160.3987,84274.83757,17463,37223,24902
2024-01-09T00:00:00.000Z,46139.73037,218480.3828,133202.2146,17715,37591,24873
2024-01-10T00:00:00.000Z,46627.77911,216107.8631,173096.6113,18315,40666,26276
2024-01-11T00:00:00.000Z,46368.58538,270885.4708,145947.6077,20246,42729,28205
2024-01-12T00:00:00.000Z,42853.16666,222832.4816,282132.4927,18344,38872,25538
2024-01-13T00:00:00.000Z,42842.38219,76837.61716,80933.66599,14710,29745,20370
2024-01-14T00:00:00.000Z,41796.26961,45754.97613,84395.65862,14137,27873,19523
2024-01-15T00:00:00.000Z,42511.96772,101230.8265,115811.1221,15431,30423,20459
2024-01-16T00:00:00.000Z,43154.94423,264867.3935,119021.2523,15440,31602,20978
2024-01-17T00:00:00.000Z,42742.65284,159494.172,201800.4309,16232,33374,21670
2024-01-18T00:00:00.000Z,41262.05836,131237.9239,224912.6823,17064,33999,22407
2024-01-19T00:00:00.000Z,41618.40737,144412.8975,218447.9944,15974,31646,21667
2024-01-20T00:00:00.000Z,41665.58484,66974.79954,82595.36833,14016,26687,18816
2024-01-21T00:00:00.000Z,41545.78351,50663.73415,65279.07004,13272,26345,18093
2024-01-22T00:00:00.000Z,39507.36882,127779.0575,236359.0227,15589,31701,20421
2024-01-23T00:00:00.000Z,39845.55115,188547.9112,188058.0867,16666,33746,21792
2024-01-24T00:00:00.000Z,40077.07327,213889.9444,183351.1788,16963,33515,21401
2024-01-25T00:00:00.000Z,39933.80775,184399.7042,174931.1411,15444,30992,20500
2024-01-26T00:00:00.000Z,41816.87284,264408.6528,131150.6016,14978,30412,20490
2024-01-27T00:00:00.000Z,42120.05635,75417.189,54555.98193,13165,26197,18292
2024-01-28T00:00:00.000Z,42035.59437,83169.58672,52238.42294,12464,24947,17423
2024-01-29T00:00:00.000Z,43288.24534,215270.6826,138353.4709,16943,34023,21491
2024-01-30T00:00:00.000Z,42952.60821,282376.5474,131870.4147,15827,32780,21421
2024-01-31T00:00:00.000Z,42582.60639,208620.5303,267754.3644,16257,32968,21119
2024-02-01T00:00:00.000Z,43075.7746,158814.8479,136590.6038,15947,31630,20321
2024-02-02T00:00:00.000Z,43185.85943,142165.8972,118365.5503,15197,30115,19919
2024-02-03T00:00:00.000Z,42992.24963,60774.07691,61649.52537,12975,25090,17187
2024-02-04T00:00:00.000Z,42583.58292,50112.70851,76238.28109,12208,23847,16304
2024-02-05T00:00:00.000Z,42658.66605,132024.7671,143886.6483,14382,28857,18883
2024-02-06T00:00:00.000Z,43084.67186,187052.3163,127501.4722,15908,32909,21574
2024-02-07T00:00:00.000Z,44318.22445,161856.3028,84111.6832,16197,32755,21922
2024-02-08T00:00:00.000Z,45301.56663,217492.4819,90131.85663,17278,34589,22433
2024-02-09T00:00:00.000Z,47147.20031,265529.254,74252.01094,16099,33142,21769
2024-02-10T00:00:00.000Z,47771.27737,91323.22745,59527.63947,13224,26231,18204
2024-02-11T00:00:00.000Z,48293.91675,101750.188,59667.19715,12934,26061,18022
2024-02-12T00:00:00.000Z,49958.22422,251048.1822,113715.5916,15243,31658,21166
2024-02-13T00:00:00.000Z,49742.44099,208803.2482,128734.2113,16093,33423,21939
2024-02-14T00:00:00.000Z,51826.696,368334.4723,120445.7569,17066,35233,23705
2024-02-15T00:00:00.000Z,51932.74412,217221.5304,129685.5015,17822,36647,24824
2024-02-16T00:00:00.000Z,52160.20283,189802.9102,143409.4732,16361,33548,22805
2024-02-17T00:00:00.000Z,51662.99537,70849.53923,80231.75189,12918,26110,18124
2024-02-18T00:00:00.000Z,52122.54546,73478.91895,46154.8207,13311,26873,18545
2024-02-19T00:00:00.000Z,51779.14406,156509.9461,89849.86783,14319,30113,20316
2024-02-20T00:00:00.000Z,52284.87356,172620.4173,132323.1475,17022,34200,22607
2024-02-21T00:00:00.000Z,51839.18053,134347.6931,152198.7724,17107,34256,22935
2024-02-22T00:00:00.000Z,51304.97436,182061.1506,118275.57,16141,32826,21938
2024-02-23T00:00:00.000Z,50731.94919,126322.0753,150923.9539,15931,32811,22061
2024-02-24T00:00:00.000Z,51571.10311,82529.87655,68000.13302,13401,26655,18556
2024-02-25T00:00:00.000Z,51733.2366,81485.2362,43553.77519,13641,27132,18975
2024-02-26T00:00:00.000Z,54522.40154,199890.2339,79201.36239,16205,33934,22415
2024-02-27T00:00:00.000Z,57085.37231,332177.1348,104600.4402,19552,40727,27507
2024-02-28T00:00:00.000Z,62504.78925,495270.8677,100777.7133,24531,52340,35959
2024-02-29T00:00:00.000Z,61198.3829,312234.7615,169033.9336,22134,45982,31524
2024-03-01T00:00:00.000Z,62440.63254,316299.0008,153348.7721,20148,41546,28583
2024-03-02T00:00:00.000Z,62029.84606,85970.06753,70961.80636,19120,39204,28014
2024-03-03T00:00:00.000Z,63167.37036,93313.12416,54644.4011,17523,36482,26327
2024-03-04T00:00:00.000Z,68330.41561,358648.7247,54762.38317,24932,53177,37345
2024-03-05T00:00:00.000Z,63776.05143,323071.0245,222737.0911,26632,58454,41728
2024-03-06T00:00:00.000Z,66099.74165,415705.6585,172258.8022,23379,50174,35138
2024-03-07T00:00:00.000Z,66938.09348,294539.4913,113312.0533,22747,47290,33265
2024-03-08T00:00:00.000Z,68299.25973,263077.4834,130321.2318,22374,47652,33232
2024-03-09T00:00:00.000Z,68502.9248,105462.4748,61061.93795,18885,39144,28263
2024-03-10T00:00:00.000Z,69019.78636,129675.3234,52579.51391,18656,39169,27925
2024-03-11T00:00:00.000Z,72125.12163,363095.396,106007.1174,24022,50856,34902
2024-03-12T00:00:00.000Z,71482.11707,234503.3438,195503.9286,24129,51109,35037
2024-03-13T00:00:00.000Z,73079.37338,381611.797,106944.2051,23240,49028,33962
2024-03-14T00:00:00.000Z,71465.39348,205110.9882,224421.24,22294,47624,33185
2024-03-15T00:00:00.000Z,69522.7282,200306.9943,195409.0946,20815,44491,30785
2024-03-16T00:00:00.000Z,65314.04975,65655.78131,90807.60845,18180,38011,27415
2024-03-17T00:00:00.000Z,68405.47693,134600.6518,80589.70616,17743,37686,26798
2024-03-18T00:00:00.000Z,67725.64608,149799.2279,156665.5352,20371,43096,29453
2024-03-19T00:00:00.000Z,61930.1549,118159.231,265151.7948,20877,45191,30434
2024-03-20T00:00:00.000Z,67911.58387,182375.1465,124672.9598,20725,44169,29525
2024-03-21T00:00:00.000Z,65489.92846,143290.3905,163201.451,19667,41292,28114
2024-03-22T00:00:00.000Z,63802.72196,190724.8773,174809.9864,19311,40443,27265
2024-03-23T00:00:00.000Z,64070.75213,266971.4645,66523.1649,16573,34284,23821
2024-03-24T00:00:00.000Z,67234.09758,87543.31264,43482.94255,15615,32124,22711
2024-03-25T00:00:00.000Z,69931.32635,213792.6892,73065.35623,18425,39296,26745
2024-03-26T00:00:00.000Z,69991.89651,256021.1011,141799.2861,19042,40838,27417
2024-03-27T00:00:00.000Z,69452.77111,177809.8721,166233.53,20516,42819,28409
2024-03-28T00:00:00.000Z,70744.79652,234975.2168,124341.2624,20934,42862,28615
2024-03-29T00:00:00.000Z,69893.44429,103489.5757,132802.8803,18381,37743,25378
2024-03-30T00:00:00.000Z,69647.77903,66792.69518,62426.79231,16007,32896,22489
2024-03-31T00:00:00.000Z,71333.48472,91023.44404,38324.68194,15466,31635,21932
2024-04-01T00:00:00.000Z,69705.02432,174703.3301,158222.0004,20132,42700,30925
2024-04-02T00:00:00.000Z,65446.67176,163349.4857,198452.9359,18753,40359,27590
2024-04-03T00:00:00.000Z,65975.69667,141231.4416,158370.0773,18518,37739,24928
2024-04-04T00:00:00.000Z,68515.75426,197284.0166,119345.0298,18344,38126,25149
2024-04-05T00:00:00.000Z,67840.57358,120962.2078,103380.0185,19232,38392,25030
2024-04-06T00:00:00.000Z,68897.11113,73370.65732,74291.89172,15123,30343,21163
2024-04-07T00:00:00.000Z,69362.554,87189.52196,44610.42325,14752,30084,21108
2024-04-08T00:00:00.000Z,71632.50266,207678.2237,90834.12489,17238,36234,23916
2024-04-09T00:00:00.000Z,69140.24064,130109.8162,139082.7471,17113,34836,23144
2024-04-10T00:00:00.000Z,70575.73216,150839.908,120764.0916,17451,36072,23379
2024-04-11T00:00:00.000Z,70061.3796,135355.5404,88908.94161,17032,35141,23224
2024-04-12T00:00:00.000Z,67188.37643,123802.7965,132892.5688,17668,37531,24561
2024-04-13T00:00:00.000Z,63836.23184,64373.77699,112094.4935,15476,32581,21800
2024-04-14T00:00:00.000Z,65738.72389,74703.96482,75068.4097,14464,29802,20232
2024-04-15T00:00:00.000Z,63434.31963,97407.99746,183770.6996,14781,31008,19892
2024-04-16T00:00:00.000Z,63831.84722,133625.8152,152115.5271,14996,31267,19934
2024-04-17T00:00:00.000Z,61275.31541,80792.55095,163223.2457,15545,31780,20589
2024-04-18T00:00:00.000Z,63510.75032,186039.6898,172101.5173,15328,31226,20042
2024-04-19T00:00:00.000Z,63851.10004,158762.7908,117447.8292,15069,31374,19852
2024-04-20T00:00:00.000Z,64992.81661,42009.85309,34430.05921,12493,26465,17308
2024-04-21T00:00:00.000Z,64926.64321,48040.11891,37505.26315,11256,23047,15697
2024-04-22T00:00:00.000Z,66839.89451,125826.4902,66667.79791,13766,28388,18474
2024-04-23T00:00:00.000Z,66407.2718,99610.98302,91030.35116,14394,29781,19215
2024-04-24T00:00:00.000Z,64275.02102,91955.30618,113734.9396,15149,31095,19527
2024-04-25T00:00:00.000Z,64485.36993,93074.94342,97282.69339,14654,30175,19002
2024-04-26T00:00:00.000Z,63750.99015,89828.99525,140464.8859,14110,28367,17985
2024-04-27T00:00:00.000Z,63423.51393,63758.74828,81102.42707,11479,23312,15705
2024-04-28T00:00:00.000Z,63106.3642,72406.60248,61978.98437,11522,23011,15511
2024-04-29T00:00:00.000Z,63839.41987,92381.81701,117253.7911,14314,28797,17561
2024-04-30T00:00:00.000Z,60609.49795,92947.13824,183857.1638,15300,31640,19590
2024-05-01T00:00:00.000Z,58254.00985,99442.40503,170476.3258,15267,31564,19780
2024-05-02T00:00:00.000Z,59123.43225,138476.3363,136813.2641,13709,27390,17601
2024-05-03T00:00:00.000Z,62891.03055,115242.1434,76810.28199,13646,28308,18024
2024-05-04T00:00:00.000Z,63892.45499,68184.03659,38876.58334,11887,23913,15973
2024-05-05T00:00:00.000Z,64038.31356,48917.32239,34559.72737,10563,20964,14006
2024-05-06T00:00:00.000Z,63162.7634,104071.0633,77127.40207,12469,25504,16069
2024-05-07T00:00:00.000Z,62332.64251,75918.93337,89723.07378,13626,28332,17468
2024-05-08T00:00:00.000Z,61191.20053,57182.45734,105665.3887,13860,28079,17287
2024-05-09T00:00:00.000Z,63055.191,78825.17849,88167.38413,14455,29788,18904
2024-05-10T00:00:00.000Z,60793.35701,62489.70999,88928.3319,14098,28602,18580
2024-05-11T00:00:00.000Z,60793.50203,39804.65762,46533.38345,11105,21947,14431
2024-05-12T00:00:00.000Z,61451.21851,50504.75533,35644.34974,10397,21042,13861
2024-05-13T00:00:00.000Z,62900.77401,110419.8921,76110.61388,13825,28888,17862
2024-05-14T00:00:00.000Z,61553.98985,72415.51472,100386.8528,15679,32283,20135
2024-05-15T00:00:00.000Z,66256.11182,216233.8786,41060.09721,16644,33950,21319
2024-05-16T00:00:00.000Z,65231.29868,124060.4653,82518.45118,16284,32382,20736
2024-05-17T00:00:00.000Z,67066.21104,148790.7312,64580.77318,15361,30711,20376
2024-05-18T00:00:00.000Z,66940.80441,58498.90722,32861.28632,11568,23353,15911
2024-05-19T00:00:00.000Z,66278.74467,60042.71028,37173.58513,10891,21004,14558
2024-05-20T00:00:00.000Z,71443.06344,149679.2854,52501.09135,13709,28200,18259
2024-05-21T00:00:00.000Z,70135.31863,187980.7077,123832.8964,15209,31686,20582
2024-05-22T00:00:00.000Z,69121.30294,127093.3458,119418.1842,14718,30967,19833
2024-05-23T00:00:00.000Z,67928.13029,119871.3864,114489.6788,16785,34002,20896
2024-05-24T00:00:00.000Z,68526.92222,115937.4049,109681.8561,14415,28919,18414
2024-05-25T00:00:00.000Z,69264.28525,48297.06598,33709.60538,11225,21599,14635
2024-05-26T00:00:00.000Z,68512.18027,53830.83392,54684.29976,11258,22022,15068
2024-05-27T00:00:00.000Z,69392.77819,78788.21766,48639.04956,11867,24289,16061
2024-05-28T00:00:00.000Z,68296.34813,341188.6945,172539.1032,12895,26105,16781
2024-05-29T00:00:00.000Z,67576.0879,66223.42056,97638.11011,13651,26959,17657
2024-05-30T00:00:00.000Z,68362.51594,189290.763,74532.06814,13412,26580,17731
2024-05-31T00:00:00.000Z,67489.61178,113429.9413,153044.8367,12895,25392,16953
2024-06-01T00:00:00.000Z,67710.27089,55902.3544,37139.48801,10178,20103,14062
2024-06-02T00:00:00.000Z,67757.22061,46014.68236,31683.89373,9402,18961,12914
2024-06-03T00:00:00.000Z,68804.78009,190686.2193,65619.95801,13174,27312,17822
2024-06-04T00:00:00.000Z,70568.35029,147690.8403,71422.12087,13723,28448,19097
2024-06-05T00:00:00.000Z,71082.84043,169711.28,68399.80352,14101,29478,19538
2024-06-06T00:00:00.000Z,70759.18448,110968.3653,78953.4718,14754,30803,20977
2024-06-07T00:00:00.000Z,69347.92725,97591.4548,108549.7087,15769,33765,22291
2024-06-08T00:00:00.000Z,69305.77432,56540.57325,52094.30543,11019,22732,16074
2024-06-09T00:00:00.000Z,69647.993,45247.27789,24692.99135,9863,20548,14346
2024-06-10T00:00:00.000Z,69517.79405,91477.09317,86519.68299,11874,25811,17403
2024-06-11T00:00:00.000Z,67332.03046,91613.82015,154523.728,12939,28070,18843
2024-06-12T00:00:00.000Z,68241.18408,115935.6357,99794.95221,13665,28508,18885
2024-06-13T00:00:00.000Z,66756.39709,61557.46479,104285.7563,13125,27159,17816
2024-06-14T00:00:00.000Z,66011.09373,91793.82418,126353.2334,12617,26719,17858
2024-06-15T00:00:00.000Z,66191.00047,47504.37273,43752.10973,9223,19407,13603
2024-06-16T00:00:00.000Z,66639.04654,36053.04139,31826.47925,8919,19305,13784
2024-06-17T00:00:00.000Z,66490.29418,74336.34721,108567.1087,11589,25687,16757
2024-06-18T00:00:00.000Z,65140.74459,60969.78954,158859.7965,12310,26894,17699
2024-06-19T00:00:00.000Z,64951.19573,60787.23287,74898.60427,11657,25813,17405
2024-06-20T00:00:00.000Z,64828.65581,96174.45179,93339.93491,12023,25779,17256
2024-06-21T00:00:00.000Z,64076.80037,56147.54284,118220.1889,12048,25367,17327
2024-06-22T00:00:00.000Z,64252.57875,88922.24575,55555.49789,8986,19542,13727
2024-06-23T00:00:00.000Z,63180.79821,27106.22152,42226.26419,9090,19021,13430
2024-06-24T00:00:00.000Z,60277.41466,72098.9902,192527.4153,11866,25662,16925
2024-06-25T00:00:00.000Z,61804.64117,119916.6674,106889.5043,10759,23855,15391
2024-06-26T00:00:00.000Z,60811.27845,90060.95733,130295.3042,11603,24740,16027
2024-06-27T00:00:00.000Z,61604.80176,146199.1565,115435.2698,12016,25873,17070
2024-06-28T00:00:00.000Z,60317.63545,94514.38731,179948.7021,10975,24038,15345
2024-06-29T00:00:00.000Z,60871.08684,48883.5857,49721.08811,8792,18341,12977
2024-06-30T00:00:00.000Z,62678.29208,46289.75916,33459.41355,8586,17932,12442
2024-07-01T00:00:00.000Z,62851.98007,131672.1767,72756.71834,11316,23979,15385
2024-07-02T00:00:00.000Z,62028.8717,85546.00437,94491.29293,10537,22448,14881
2024-07-03T00:00:00.000Z,60226.25026,61640.89811,115006.898,11318,23459,15621
2024-07-04T00:00:00.000Z,56977.70146,108905.6172,156886.4563,10952,24456,16496
2024-07-05T00:00:00.000Z,56662.37327,215401.3145,226629.5489,11768,26481,17968
2024-07-06T00:00:00.000Z,58303.53858,86464.58758,44341.42417,8809,20141,14420
2024-07-07T00:00:00.000Z,55849.11064,50086.37538,61828.03289,8676,18831,13295
2024-07-08T00:00:00.000Z,56705.09843,139748.7271,197584.7098,11093,24113,16567
2024-07-09T00:00:00.000Z,58009.22632,133589.1842,101374.338,11392,24116,16249
2024-07-10T00:00:00.000Z,57742.49462,127687.7586,131191.1487,10904,24877,17227
2024-07-11T00:00:00.000Z,57344.91479,121503.28,115475.6558,11272,25168,17168
2024-07-12T00:00:00.000Z,57899.46552,116443.6587,129591.5597,11055,23715,16310
2024-07-13T00:00:00.000Z,59238.58216,76268.40193,32556.2385,8910,20117,14322
2024-07-14T00:00:00.000Z,60787.79237,55974.57759,28175.9137,7963,18309,12552
2024-07-15T00:00:00.000Z,64870.15282,191500.2314,52561.81259,10115,23232,15706
2024-07-16T00:00:00.000Z,65097.14683,175579.7471,179943.2372,10236,23650,15820
2024-07-17T00:00:00.000Z,64118.79267,131683.8655,87692.33417,10294,24380,16601
2024-07-18T00:00:00.000Z,63974.06668,98794.37505,91572.56414,9357,21538,15068
2024-07-19T00:00:00.000Z,66709.92562,217004.7719,74403.29546,8666,20948,15319
2024-07-20T00:00:00.000Z,67164.91192,86195.48972,34432.44149,7546,17359,13138
2024-07-21T00:00:00.000Z,68152.97613,63797.04081,29638.62612,7757,17955,13220
2024-07-22T00:00:00.000Z,67584.80435,147514.9083,114501.5758,9592,21906,15172
2024-07-23T00:00:00.000Z,65913.75553,220614.3688,188589.7317,10647,24919,16803
2024-07-24T00:00:00.000Z,65375.87348,154924.1635,164160.6335,11018,24680,16793
2024-07-25T00:00:00.000Z,65771.81042,94681.29553,154533.9902,11358,24685,16450
2024-07-26T00:00:00.000Z,67911.81426,211713.3195,46223.50448,10645,24293,16611
2024-07-27T00:00:00.000Z,67808.65559,104333.4046,47302.2096,9583,22293,15243
2024-07-28T00:00:00.000Z,68258.53138,44580.81637,55972.55434,9411,20771,14287
2024-07-29T00:00:00.000Z,66819.05266,223361.9811,141376.7163,11592,26267,17728
2024-07-30T00:00:00.000Z,66201.27108,157317.3032,259978.9291,11136,24662,16208
2024-07-31T00:00:00.000Z,64625.84044,116945.106,141894.7887,11971,25892,16584
2024-08-01T00:00:00.000Z,65353.49847,139821.6791,180733.6298,12644,27677,18188
2024-08-02T00:00:00.000Z,61414.80849,79765.43541,181612.4712,12777,28436,18774
2024-08-03T00:00:00.000Z,60676.09418,37427.45457,73146.83544,9947,22796,15330
2024-08-04T00:00:00.000Z,58110.29846,45803.57933,83428.17819,10416,23465,15890
2024-08-05T00:00:00.000Z,53991.34759,169131.3155,316245.2266,17298,40305,26084
2024-08-06T00:00:00.000Z,56040.63212,130618.9234,122037.5935,12430,29841,19859
2024-08-07T00:00:00.000Z,55030.02903,116408.6995,156963.0838,12848,29889,19766
2024-08-08T00:00:00.000Z,61728.20898,149667.732,62215.07833,13413,30321,19470
2024-08-09T00:00:00.000Z,60881.22948,131597.4858,130939.7002,12842,28490,18923
2024-08-10T00:00:00.000Z,60944.89256,81072.82644,41636.37498,9745,21966,15390
2024-08-11T00:00:00.000Z,58719.39522,41195.99928,66680.0223,9186,20388,14448
2024-08-12T00:00:00.000Z,59356.20778,82081.46838,129192.4624,11494,26201,17116
2024-08-13T00:00:00.000Z,60611.05005,105598.2135,127673.7754,11980,27582,17610
2024-08-14T00:00:00.000Z,58733.26299,103749.9923,128368.4104,12712,28767,18932
2024-08-15T00:00:00.000Z,57560.2733,82176.60963,114150.7704,11953,26759,17620
2024-08-16T00:00:00.000Z,58921.33608,105639.7416,88093.17581,12466,27496,17737
2024-08-17T00:00:00.000Z,59468.13149,48445.70366,42647.07833,9950,21782,14832
2024-08-18T00:00:00.000Z,58482.74532,51018.44118,37635.58347,9319,20617,13990
2024-08-19T00:00:00.000Z,59541.63788,117481.3198,103200.83,12013,27218,17043
2024-08-20T00:00:00.000Z,59038.88433,130047.7437,101821.3435,12368,28476,17909
2024-08-21T00:00:00.000Z,61179.86312,130087.6885,77673.92894,13253,29803,18708
2024-08-22T00:00:00.000Z,60380.95286,99884.31082,104069.4724,12882,28578,18138
2024-08-23T00:00:00.000Z,64103.86959,212270.2003,70285.47266,12601,28972,18065
2024-08-24T00:00:00.000Z,64176.36707,122265.2611,54527.81676,10538,23571,15910
2024-08-25T00:00:00.000Z,64333.54418,56292.82434,35487.15914,9967,22038,14754
2024-08-26T00:00:00.000Z,62887.03321,75749.92508,115070.2578,11604,26280,16817
2024-08-27T00:00:00.000Z,59519.43195,105712.9063,263594.0054,12368,27849,17459
2024-08-28T00:00:00.000Z,59027.46834,103040.1668,182496.4784,13493,30218,18774
2024-08-29T00:00:00.000Z,59388.60188,142565.0768,120092.0863,13446,29272,18822
2024-08-30T00:00:00.000Z,59119.47478,82942.81359,145495.1779,12514,27751,18205
2024-08-31T00:00:00.000Z,58965.37674,46210.1865,57629.25559,9776,22073,15163
2024-09-01T00:00:00.000Z,57326.96729,27376.76829,76908.00463,9239,21107,14360
2024-09-02T00:00:00.000Z,59106.19129,54507.73238,71924.56056,11344,25988,16925
2024-09-03T00:00:00.000Z,57430.34857,76518.55775,125942.941,11732,26902,17180
2024-09-04T00:00:00.000Z,57971.70332,88959.84467,120476.1008,12416,28578,18399
2024-09-05T00:00:00.000Z,56160.18946,50696.88546,140004.7693,12043,27136,17447
2024-09-06T00:00:00.000Z,53949.08715,75807.11084,177808.6073,12735,28590,18244
2024-09-07T00:00:00.000Z,54147.93257,44906.34302,44499.37704,10059,22767,15626
2024-09-08T00:00:00.000Z,54851.88735,49113.82385,36760.65087,9728,21330,14495
2024-09-09T00:00:00.000Z,57020.09841,124857.8505,90631.07016,12030,25992,16591
2024-09-10T00:00:00.000Z,57650.28907,166339.0346,148196.7988,12305,27400,17195
2024-09-11T00:00:00.000Z,57343.17259,137876.6187,128831.5561,12198,26749,16539
2024-09-12T00:00:00.000Z,58130.32248,117696.9984,104483.1456,12278,27529,17841
2024-09-13T00:00:00.000Z,60593.83752,156260.7355,80323.26565,11886,25895,16228
2024-09-14T00:00:00.000Z,60000.72832,64436.89617,55594.74419,9213,19909,13390
2024-09-15T00:00:00.000Z,59185.22686,52374.72875,50580.46807,9597,19856,13488
2024-09-16T00:00:00.000Z,58192.50934,82650.02738,127582.5322,11521,25937,16635
2024-09-17T00:00:00.000Z,60309.00188,130250.4128,67692.96373,12174,27437,17392
2024-09-18T00:00:00.000Z,61651.15534,145536.0175,84336.25902,13058,29035,18493
2024-09-19T00:00:00.000Z,62941.4276,181594.6956,73789.04896,12682,28501,18410
2024-09-20T00:00:00.000Z,63184.34127,221106.9739,102182.8522,11677,26673,17357
2024-09-21T00:00:00.000Z,63396.80355,60155.05755,39699.58433,9444,21067,13944
2024-09-22T00:00:00.000Z,63643.10208,46672.11338,48317.40944,9023,19888,13697
2024-09-23T00:00:00.000Z,63326.84125,165720.2568,74006.67831,11156,24742,15637
2024-09-24T00:00:00.000Z,64302.59122,165795.6523,80900.46543,11823,26470,16658
2024-09-25T00:00:00.000Z,63143.89715,142390.0434,106355.3521,12377,26948,17038
2024-09-26T00:00:00.000Z,65182.53461,152526.472,67026.55634,13099,28091,17954
2024-09-27T00:00:00.000Z,65792.18195,185306.734,82720.38039,12118,26519,17023
2024-09-28T00:00:00.000Z,65888.89527,55442.35927,51858.12278,9956,21240,14725
2024-09-29T00:00:00.000Z,65652.90535,49733.49453,40867.80005,9602,21059,14241
2024-09-30T00:00:00.000Z,63329.49813,130067.2417,186459.6954,11423,25643,16025
2024-10-01T00:00:00.000Z,60836.32463,105393.7411,156766.0214,12054,26906,16677
2024-10-02T00:00:00.000Z,60632.48624,100825.9068,161082.0483,11442,25323,15986
2024-10-03T00:00:00.000Z,60754.62513,87240.38656,142176.7631,12150,26115,16485
2024-10-04T00:00:00.000Z,62067.6105,136491.4654,75649.54474,11781,25709,16499
2024-10-05T00:00:00.000Z,62089.94602,62441.55838,49363.84784,9235,20449,13500
2024-10-06T00:00:00.000Z,62819.10933,77377.60593,39088.02732,9824,20375,13020
2024-10-07T00:00:00.000Z,62261.48321,142610.631,106226.2075,12210,26306,16521
2024-10-08T00:00:00.000Z,62164.64773,380921.1734,193486.1115,12146,26760,16123
2024-10-09T00:00:00.000Z,60582.22468,96522.45596,173775.1397,12704,27362,16997
2024-10-10T00:00:00.000Z,60275.46083,80995.13169,150112.3634,12490,26497,16251
2024-10-11T00:00:00.000Z,62417.61441,182672.9198,90442.43705,12165,26377,16312
2024-10-12T00:00:00.000Z,63192.94358,76289.22812,34775.28435,9112,20394,13619
2024-10-13T00:00:00.000Z,62848.39949,42970.69344,43926.27089,9124,20263,13582
2024-10-14T00:00:00.000Z,66050.36873,174608.52,54725.52204,12113,27232,16686
2024-10-15T00:00:00.000Z,67039.35087,224334.8167,109575.1249,12958,28834,17378
2024-10-16T00:00:00.000Z,67614.75795,209498.188,80802.71609,13062,28809,17796
2024-10-17T00:00:00.000Z,67315.74889,138767.3784,104418.4223,13278,28580,17849
2024-10-18T00:00:00.000Z,68418.97666,203648.8906,88042.20326,12477,27506,17405
2024-10-19T00:00:00.000Z,68373.55235,65561.16531,54728.97418,9820,22048,14608
2024-10-20T00:00:00.000Z,68974.41635,97172.52889,32046.90525,9867,22038,14669
2024-10-21T00:00:00.000Z,67389.1261,119935.2714,117327.5921,11586,25522,15672
2024-10-22T00:00:00.000Z,67361.15587,119060.6078,119434.7736,11925,25856,15786
2024-10-23T00:00:00.000Z,66671.00304,89224.68436,116048.0129,11989,26043,15780
2024-10-24T00:00:00.000Z,68171.65302,167296.3691,68740.09221,12988,27799,17129
2024-10-25T00:00:00.000Z,66624.69105,144135.5494,104021.5279,11993,25946,15685
2024-10-26T00:00:00.000Z,67009.85184,60359.51013,56504.06853,9034,20418,13230
2024-10-27T00:00:00.000Z,67933.29627,57929.92674,35075.8047,8603,18810,12281
2024-10-28T00:00:00.000Z,69902.26768,221249.5726,70445.65731,11852,26352,15944
2024-10-29T00:00:00.000Z,72732.16241,308066.9638,73440.75204,13088,30204,18374
2024-10-30T00:00:00.000Z,72343.90851,177761.2055,155200.3964,13007,28256,17026
2024-10-31T00:00:00.000Z,70216.89697,143518.8226,178905.0735,13226,28178,16789
2024-11-01T00:00:00.000Z,69494.73077,147584.9511,149179.5747,11727,24708,15452
2024-11-02T00:00:00.000Z,69280.52136,55624.05117,44270.74733,9422,19811,12848
2024-11-03T00:00:00.000Z,68746.7191,51145.53756,61912.01451,10084,21429,14087
2024-11-04T00:00:00.000Z,67779.88109,126158.6004,132681.292,12117,25392,15334
2024-11-05T00:00:00.000Z,69363.70443,209050.63,112450.3959,12797,27888,16715
2024-11-06T00:00:00.000Z,75643.59481,336589.8077,101713.0343,15704,34550,19475
2024-11-07T00:00:00.000Z,75902.83257,242671.649,120978.6958,14512,31093,18653
2024-11-08T00:00:00.000Z,76535.06759,267149.6446,129904.0193,14912,30916,19218
2024-11-09T00:00:00.000Z,76778.86775,88121.77362,52208.85854,11849,24866,16655
2024-11-10T00:00:00.000Z,80458.02573,180872.7084,45749.60893,15329,33303,22710
2024-11-11T00:00:00.000Z,88605.96073,320888.136,51059.07611,19926,43951,29097
2024-11-12T00:00:00.000Z,87929.96677,358859.681,165567.3824,21395,47164,32103
2024-11-13T00:00:00.000Z,90574.88206,330920.7798,131011.8942,21469,46494,31253
2024-11-14T00:00:00.000Z,87328.89334,290527.2438,205783.1661,19759,41829,27754
2024-11-15T00:00:00.000Z,91046.79304,301168.722,125206.258,17374,37325,25164
2024-11-16T00:00:00.000Z,90558.46311,97863.67801,60408.94371,16231,34400,24023
2024-11-17T00:00:00.000Z,89846.05054,66630.70299,54951.77146,14722,30914,21676
2024-11-18T00:00:00.000Z,90553.76577,231104.8872,97228.42982,17278,37398,24655
2024-11-19T00:00:00.000Z,92362.73988,269178.2245,94047.44159,17301,37460,24719
2024-11-20T00:00:00.000Z,94334.64328,292051.5482,96077.90386,17521,38044,24896
2024-11-21T00:00:00.000Z,98504.76892,424773.1442,104527.7058,20835,46017,30696
2024-11-22T00:00:00.000Z,99006.74227,324379.9267,139073.1945,21112,46227,31974
2024-11-23T00:00:00.000Z,97780.59875,160591.085,112103.9136,19806,42812,30616
2024-11-24T00:00:00.000Z,97939.47581,94127.442,86779.69988,17539,38711,27200
2024-11-25T00:00:00.000Z,93106.53729,199975.8638,203034.8681,18741,43060,27405
2024-11-26T00:00:00.000Z,91978.13858,225336.2981,236628.3852,19514,41639,27718
2024-11-27T00:00:00.000Z,95954.94488,223222.0314,91494.77994,18380,39139,25664
2024-11-28T00:00:00.000Z,95654.77183,165021.1111,99270.62765,16167,34620,22952
2024-11-29T00:00:00.000Z,97468.81245,180019.2146,86930.17911,17415,36606,24495
2024-11-30T00:00:00.000Z,96458.95932,73205.16693,63152.01036,17061,36656,25810
2024-12-01T00:00:00.000Z,97335.48706,74335.55915,49841.78235,17662,37355,26536
2024-12-02T00:00:00.000Z,95851.26461,165093.1149,174918.9297,23008,49224,34252
2024-12-03T00:00:00.000Z,96005.584,154948.3077,150159.6039,23297,49214,33526
2024-12-04T00:00:00.000Z,98799.38727,202526.1064,121121.7812,23185,50192,34241
2024-12-05T00:00:00.000Z,97078.97537,448581.8854,153270.9862,26000,56573,39629
2024-12-06T00:00:00.000Z,99927.9538,379862.5005,113780.2468,22522,48062,32700
2024-12-07T00:00:00.000Z,99914.65598,84176.34294,62755.54186,18988,40445,28413
2024-12-08T00:00:00.000Z,101346.708,78478.95822,48153.19154,18645,39705,27900
2024-12-09T00:00:00.000Z,97441.23447,289415.6976,179862.4923,20603,44962,30099
2024-12-10T00:00:00.000Z,96681.91516,233981.2294,143290.1169,20348,44271,29397
2024-12-11T00:00:00.000Z,101160.0376,295613.4965,91596.01413,20107,43337,29098
2024-12-12T00:00:00.000Z,100046.6505,203250.6913,98145.02897,20196,43239,29040
2024-12-13T00:00:00.000Z,101453.8205,229809.8091,108515.0379,18692,39522,26841
2024-12-14T00:00:00.000Z,101373.1285,81228.46407,55905.10109,15856,33309,23256
2024-12-15T00:00:00.000Z,104255.5676,125155.0814,35860.0499,15626,32993,23145
2024-12-16T00:00:00.000Z,106030.6906,272185.3396,94251.99986,19402,42298,28376
2024-12-17T00:00:00.000Z,106131.665,247038.3352,93161.24455,19629,42642,29238
2024-12-18T00:00:00.000Z,100104.4742,126427.2425,188137.5335,19892,42842,27807
2024-12-19T00:00:00.000Z,97484.69731,222671.2624,192387.4627,19596,41877,28175
2024-12-20T00:00:00.000Z,97741.66488,175392.6825,182581.2797,19571,41575,27988
2024-12-21T00:00:00.000Z,97218.31827,83614.59086,83357.16108,13871,29545,20280
2024-12-22T00:00:00.000Z,95076.62959,50287.0645,62614.56542,13198,28687,19364
2024-12-23T00:00:00.000Z,94687.77201,118861.3169,164606.531,14758,31953,21051
2024-12-24T00:00:00.000Z,98706.68074,150592.5294,90476.02031,13969,30092,19863
2024-12-25T00:00:00.000Z,99435.17336,81490.68887,52478.36429,12026,25176,16739
2024-12-26T00:00:00.000Z,95714.35929,93637.94705,109888.0301,13465,27568,18170
2024-12-27T00:00:00.000Z,94158.90128,125075.7467,113916.7823,14825,30986,19948
2024-12-28T00:00:00.000Z,95204.75913,62576.61704,46934.35383,14061,28276,19050
2024-12-29T00:00:00.000Z,93527.1975,74543.3329,86709.19236,14142,28438,19028
2024-12-30T00:00:00.000Z,92642.4097,158987.918,150642.9798,16530,33430,21871
2024-12-31T00:00:00.000Z,93467.56025,162455.1776,138365.9613,15094,30895,20369
2025-01-01T00:00:00.000Z,94416.28655,87623.03681,98578.32412,13608,27346,18327
2025-01-02T00:00:00.000Z,96876.24152,124549.6546,59004.91715,17162,33745,22505
2025-01-03T00:00:00.000Z,98101.70181,129851.7974,67701.41565,17190,34529,22780
2025-01-04T00:00:00.000Z,98236.74437,56194.7777,44135.72367,14772,29865,20410
2025-01-05T00:00:00.000Z,98319.66656,59262.2233,47565.4242,14793,29864,20404
2025-01-06T00:00:00.000Z,102255.2154,178199.2251,66606.74633,16502,34123,22115
2025-01-07T00:00:00.000Z,96936.19104,115728.8183,145276.2224,17128,36285,23327
2025-01-08T00:00:00.000Z,95038.31443,106728.3282,160255.7404,16812,34835,22124
2025-01-09T00:00:00.000Z,92496.60011,75524.13391,130850.9685,17748,36563,23185
2025-01-10T00:00:00.000Z,94685.27217,138515.1116,118736.7742,16548,33290,21514
2025-01-11T00:00:00.000Z,94555.15,55807.28631,65450.65283,14030,28370,18975
2025-01-12T00:00:00.000Z,94488.89217,52358.26555,53185.87846,13627,27674,18753
2025-01-13T00:00:00.000Z,94572.38561,80862.76365,101118.9214,16270,34518,21784
2025-01-14T00:00:00.000Z,96545.55796,145685.9637,70278.39306,15760,33645,21247
2025-01-15T00:00:00.000Z,100451.9798,167025.445,67057.77126,18031,38273,25363
2025-01-16T00:00:00.000Z,100031.1959,156281.4024,111359.9993,20425,41968,28119
2025-01-17T00:00:00.000Z,104124.9546,218548.684,62319.4965,19532,40947,27411
2025-01-18T00:00:00.000Z,104385.116,90571.10474,59653.47235,19950,43955,30037
2025-01-19T00:00:00.000Z,100968.7946,99729.86032,64345.06302,24547,54762,38748
2025-01-20T00:00:00.000Z,102052.5753,159778.4301,96452.44535,26447,58402,38401
2025-01-21T00:00:00.000Z,106136.3833,172422.5762,90860.57124,22509,48476,31391
2025-01-22T00:00:00.000Z,103725.7978,133955.4548,125300.2027,22059,45961,30193
2025-01-23T00:00:00.000Z,104050.0634,177400.1097,108150.9665,21600,46166,29811
2025-01-24T00:00:00.000Z,104819.4845,155660.6111,91473.90491,20884,44233,28917
2025-01-25T00:00:00.000Z,104696.5818,82479.87582,49770.37939,17200,35591,24570
2025-01-26T00:00:00.000Z,102682.497,52660.47797,51494.05882,17284,35983,25002
2025-01-27T00:00:00.000Z,102143.2647,118464.9405,141594.0348,20072,43903,28657
2025-01-28T00:00:00.000Z,101351.756,106971.6211,84028.3357,18186,38382,25036
2025-01-29T00:00:00.000Z,103736.0085,96764.09819,65235.4509,18767,38726,25330
2025-01-30T00:00:00.000Z,104748.6918,115684.4673,67699.74473,18849,37835,24772